date,return
2015-01-01,0.0
2015-01-02,0.0
2015-01-05,0.0
2015-01-06,0.0
2015-01-07,0.0
2015-01-08,0.0
2015-01-09,0.0
2015-01-12,0.0
2015-01-13,0.0
2015-01-14,0.0
2015-01-15,0.0
2015-01-16,0.0
2015-01-19,0.0
2015-01-20,0.0
2015-01-21,0.0
2015-01-22,0.0
2015-01-23,0.0
2015-01-26,0.0
2015-01-27,0.0
2015-01-28,0.0
2015-01-29,0.0
2015-01-30,0.0
2015-02-02,0.0
2015-02-03,0.0
2015-02-04,0.0
2015-02-05,0.0
2015-02-06,0.0
2015-02-09,0.0
2015-02-10,0.0
2015-02-11,0.0
2015-02-12,0.0
2015-02-13,0.0
2015-02-16,0.0
2015-02-17,0.0
2015-02-18,0.0
2015-02-19,0.0
2015-02-20,0.0
2015-02-23,0.0
2015-02-24,0.0
2015-02-25,0.0
2015-02-26,0.0
2015-02-27,0.0
2015-03-02,0.0
2015-03-03,0.0
2015-03-04,0.0
2015-03-05,0.0
2015-03-06,0.0
2015-03-09,0.0
2015-03-10,0.0
2015-03-11,0.0
2015-03-12,0.0
2015-03-13,0.0
2015-03-16,0.0
2015-03-17,0.0
2015-03-18,0.0
2015-03-19,0.0
2015-03-20,0.0
2015-03-23,0.0
2015-03-24,0.0
2015-03-25,0.0
2015-03-26,0.0
2015-03-27,0.0
2015-03-30,0.0
2015-03-31,0.0
2015-04-01,0.0
2015-04-02,0.0
2015-04-03,0.0
2015-04-06,0.0
2015-04-07,0.0
2015-04-08,0.0
2015-04-09,0.0
2015-04-10,0.0
2015-04-13,0.0
2015-04-14,0.0
2015-04-15,0.0
2015-04-16,0.0
2015-04-17,0.0
2015-04-20,0.0
2015-04-21,0.0
2015-04-22,0.0
2015-04-23,0.0
2015-04-24,0.0
2015-04-27,0.0
2015-04-28,0.0
2015-04-29,0.0
2015-04-30,0.0
2015-05-01,0.0
2015-05-04,0.0
2015-05-05,0.0
2015-05-06,0.0
2015-05-07,0.0
2015-05-08,0.0
2015-05-11,0.0
2015-05-12,0.0
2015-05-13,0.0
2015-05-14,0.0
2015-05-15,0.0
2015-05-18,0.0
2015-05-19,0.0
2015-05-20,0.0
2015-05-21,0.0
2015-05-22,0.0
2015-05-25,0.0
2015-05-26,0.0
2015-05-27,0.0
2015-05-28,0.0
2015-05-29,0.0
2015-06-01,0.0
2015-06-02,0.0
2015-06-03,0.0
2015-06-04,0.0
2015-06-05,0.0
2015-06-08,0.0
2015-06-09,0.0
2015-06-10,0.0
2015-06-11,0.0
2015-06-12,0.0
2015-06-15,0.0
2015-06-16,0.0
2015-06-17,0.0
2015-06-18,0.0
2015-06-19,0.0
2015-06-22,0.0
2015-06-23,0.0
2015-06-24,0.0
2015-06-25,0.0
2015-06-26,0.0
2015-06-29,0.0
2015-06-30,0.0
2015-07-01,0.0
2015-07-02,0.0
2015-07-03,0.0
2015-07-06,0.0
2015-07-07,0.0
2015-07-08,0.0
2015-07-09,0.0
2015-07-10,0.0
2015-07-13,0.0
2015-07-14,0.0
2015-07-15,0.0
2015-07-16,0.0
2015-07-17,0.0
2015-07-20,0.0
2015-07-21,0.0
2015-07-22,0.0
2015-07-23,0.0
2015-07-24,0.0
2015-07-27,0.0
2015-07-28,0.0
2015-07-29,0.0
2015-07-30,0.0
2015-07-31,0.0
2015-08-03,0.0
2015-08-04,0.0
2015-08-05,0.0
2015-08-06,0.0
2015-08-07,0.0
2015-08-10,0.0
2015-08-11,0.0
2015-08-12,0.0
2015-08-13,0.0
2015-08-14,0.0
2015-08-17,0.0
2015-08-18,0.0
2015-08-19,0.0
2015-08-20,0.0
2015-08-21,0.0
2015-08-24,0.0
2015-08-25,0.0
2015-08-26,0.0
2015-08-27,0.0
2015-08-28,0.0
2015-08-31,0.0
2015-09-01,0.0
2015-09-02,0.0
2015-09-03,0.0
2015-09-04,0.0
2015-09-07,0.0
2015-09-08,0.0
2015-09-09,0.0
2015-09-10,0.0
2015-09-11,0.0
2015-09-14,0.0
2015-09-15,0.0
2015-09-16,0.0
2015-09-17,0.0
2015-09-18,0.0
2015-09-21,0.0
2015-09-22,0.0
2015-09-23,0.0
2015-09-24,0.0
2015-09-25,0.0
2015-09-28,0.0
2015-09-29,0.0
2015-09-30,0.0
2015-10-01,0.0
2015-10-02,0.0
2015-10-05,0.0
2015-10-06,0.0
2015-10-07,0.0
2015-10-08,0.0
2015-10-09,0.0
2015-10-12,0.0
2015-10-13,0.0
2015-10-14,0.0
2015-10-15,0.0
2015-10-16,0.0
2015-10-19,0.0
2015-10-20,0.0
2015-10-21,0.0
2015-10-22,0.0
2015-10-23,0.0
2015-10-26,0.0
2015-10-27,0.0
2015-10-28,0.0
2015-10-29,0.0
2015-10-30,0.0
2015-11-02,0.0
2015-11-03,0.0
2015-11-04,0.0
2015-11-05,0.0
2015-11-06,0.0
2015-11-09,0.0
2015-11-10,0.0
2015-11-11,0.0
2015-11-12,0.0
2015-11-13,0.0
2015-11-16,0.0
2015-11-17,0.0
2015-11-18,0.0
2015-11-19,0.0
2015-11-20,0.0
2015-11-23,0.0
2015-11-24,0.0
2015-11-25,0.0
2015-11-26,0.0
2015-11-27,0.0
2015-11-30,0.0
2015-12-01,0.0
2015-12-02,0.0
2015-12-03,0.0
2015-12-04,0.0
2015-12-07,0.0
2015-12-08,0.0
2015-12-09,0.0
2015-12-10,0.0
2015-12-11,0.0
2015-12-14,0.0
2015-12-15,0.0
2015-12-16,0.0
2015-12-17,0.0
2015-12-18,0.0
2015-12-21,0.0
2015-12-22,0.0
2015-12-23,0.0
2015-12-24,0.0
2015-12-25,0.0
2015-12-28,0.0
2015-12-29,0.0
2015-12-30,0.0
2015-12-31,0.0
2016-01-01,0.0
2016-01-04,0.0
2016-01-05,0.0
2016-01-06,0.0
2016-01-07,0.0
2016-01-08,0.0
2016-01-11,0.0
2016-01-12,0.0
2016-01-13,0.0
2016-01-14,0.0
2016-01-15,0.0
2016-01-18,0.0
2016-01-19,0.0
2016-01-20,0.0
2016-01-21,0.0
2016-01-22,0.0
2016-01-25,0.0
2016-01-26,0.0
2016-01-27,0.0
2016-01-28,0.0
2016-01-29,0.0
2016-02-01,0.0
2016-02-02,0.0
2016-02-03,0.0
2016-02-04,0.0
2016-02-05,0.0
2016-02-08,0.0
2016-02-09,0.0
2016-02-10,0.0
2016-02-11,0.0
2016-02-12,0.0
2016-02-15,0.0
2016-02-16,0.0
2016-02-17,0.0
2016-02-18,0.0
2016-02-19,0.0
2016-02-22,0.0
2016-02-23,0.0
2016-02-24,0.0
2016-02-25,0.0
2016-02-26,0.0
2016-02-29,0.0
2016-03-01,0.0
2016-03-02,0.0
2016-03-03,0.0
2016-03-04,0.0
2016-03-07,0.0
2016-03-08,0.0
2016-03-09,0.0
2016-03-10,0.0
2016-03-11,0.0
2016-03-14,0.0
2016-03-15,0.0
2016-03-16,0.0
2016-03-17,0.0
2016-03-18,0.0
2016-03-21,0.0
2016-03-22,0.0
2016-03-23,0.0
2016-03-24,0.0
2016-03-25,0.0
2016-03-28,0.0
2016-03-29,0.0
2016-03-30,0.0
2016-03-31,0.0
2016-04-01,0.0
2016-04-04,0.0
2016-04-05,0.0
2016-04-06,0.0
2016-04-07,0.0
2016-04-08,0.0
2016-04-11,0.0
2016-04-12,0.0
2016-04-13,0.0
2016-04-14,0.0
2016-04-15,0.0
2016-04-18,0.0
2016-04-19,0.0
2016-04-20,0.0
2016-04-21,0.0
2016-04-22,0.0
2016-04-25,0.0
2016-04-26,0.0
2016-04-27,0.0
2016-04-28,0.0
2016-04-29,0.0
2016-05-02,0.0
2016-05-03,0.0
2016-05-04,0.0
2016-05-05,0.0
2016-05-06,0.0
2016-05-09,0.0
2016-05-10,0.0
2016-05-11,0.0
2016-05-12,0.0
2016-05-13,0.0
2016-05-16,0.0
2016-05-17,0.0
2016-05-18,0.0
2016-05-19,0.0
2016-05-20,0.0
2016-05-23,0.0
2016-05-24,0.0
2016-05-25,0.0
2016-05-26,0.0
2016-05-27,0.0
2016-05-30,0.0
2016-05-31,0.0
2016-06-01,0.0
2016-06-02,0.0
2016-06-03,0.0
2016-06-06,0.0
2016-06-07,0.0
2016-06-08,0.0
2016-06-09,0.0
2016-06-10,0.0
2016-06-13,0.0
2016-06-14,0.0
2016-06-15,0.0
2016-06-16,0.0
2016-06-17,0.0
2016-06-20,0.0
2016-06-21,0.0
2016-06-22,0.0
2016-06-23,0.0
2016-06-24,0.0
2016-06-27,0.0
2016-06-28,0.0
2016-06-29,0.0
2016-06-30,0.0
2016-07-01,0.0
2016-07-04,0.0
2016-07-05,0.0
2016-07-06,0.0
2016-07-07,0.0
2016-07-08,0.0
2016-07-11,0.0
2016-07-12,0.0
2016-07-13,0.0
2016-07-14,0.0
2016-07-15,0.0
2016-07-18,0.0
2016-07-19,0.0
2016-07-20,0.0
2016-07-21,0.0
2016-07-22,0.0
2016-07-25,0.0
2016-07-26,0.0
2016-07-27,0.0
2016-07-28,0.0
2016-07-29,0.0
2016-08-01,0.0
2016-08-02,0.0
2016-08-03,0.0
2016-08-04,0.0
2016-08-05,0.0
2016-08-08,0.0
2016-08-09,0.0
2016-08-10,0.0
2016-08-11,0.0
2016-08-12,0.0
2016-08-15,0.0
2016-08-16,0.0
2016-08-17,0.0
2016-08-18,0.0
2016-08-19,0.0
2016-08-22,0.0
2016-08-23,0.0
2016-08-24,0.0
2016-08-25,0.0
2016-08-26,0.0
2016-08-29,0.0
2016-08-30,0.0
2016-08-31,0.0
2016-09-01,0.0
2016-09-02,0.0
2016-09-05,0.0
2016-09-06,0.0
2016-09-07,0.0
2016-09-08,0.0
2016-09-09,0.0
2016-09-12,0.0
2016-09-13,0.0
2016-09-14,0.0
2016-09-15,0.0
2016-09-16,0.0
2016-09-19,0.0
2016-09-20,0.0
2016-09-21,0.0
2016-09-22,0.0
2016-09-23,0.0
2016-09-26,0.0
2016-09-27,0.0
2016-09-28,0.0
2016-09-29,0.0
2016-09-30,0.0
2016-10-03,0.0
2016-10-04,0.0
2016-10-05,0.0
2016-10-06,0.0
2016-10-07,0.0
2016-10-10,0.0
2016-10-11,0.0
2016-10-12,0.0
2016-10-13,0.0
2016-10-14,0.0
2016-10-17,0.0
2016-10-18,0.0
2016-10-19,0.0
2016-10-20,0.0
2016-10-21,0.0
2016-10-24,0.0
2016-10-25,0.0
2016-10-26,0.0
2016-10-27,0.0
2016-10-28,0.0
2016-10-31,0.0
2016-11-01,0.0
2016-11-02,0.0
2016-11-03,0.0
2016-11-04,0.0
2016-11-07,0.0
2016-11-08,0.0
2016-11-09,0.0
2016-11-10,0.0
2016-11-11,0.0
2016-11-14,0.0
2016-11-15,0.0
2016-11-16,0.0
2016-11-17,0.0
2016-11-18,0.0
2016-11-21,0.0
2016-11-22,0.0
2016-11-23,0.0
2016-11-24,0.0
2016-11-25,0.0
2016-11-28,0.0
2016-11-29,0.0
2016-11-30,0.0
2016-12-01,0.0
2016-12-02,0.0
2016-12-05,0.0
2016-12-06,0.0
2016-12-07,0.0
2016-12-08,0.0
2016-12-09,0.0
2016-12-12,0.0
2016-12-13,0.0
2016-12-14,0.0
2016-12-15,0.0
2016-12-16,0.0
2016-12-19,0.0
2016-12-20,0.0
2016-12-21,0.0
2016-12-22,0.0
2016-12-23,0.0
2016-12-26,0.0
2016-12-27,0.0
2016-12-28,0.0
2016-12-29,0.0
2016-12-30,0.0
2017-01-02,0.0
2017-01-03,0.0
2017-01-04,0.0
2017-01-05,0.0
2017-01-06,0.0
2017-01-09,0.0
2017-01-10,0.0
2017-01-11,0.0
2017-01-12,0.0
2017-01-13,0.0
2017-01-16,0.0
2017-01-17,0.0
2017-01-18,0.0
2017-01-19,0.0
2017-01-20,0.0
2017-01-23,0.0
2017-01-24,0.0
2017-01-25,0.0
2017-01-26,0.0
2017-01-27,0.0
2017-01-30,0.0
2017-01-31,0.0
2017-02-01,0.0
2017-02-02,0.0
2017-02-03,0.0
2017-02-06,0.0
2017-02-07,0.0
2017-02-08,0.0
2017-02-09,0.0
2017-02-10,0.0
2017-02-13,0.0
2017-02-14,0.0
2017-02-15,0.0
2017-02-16,0.0
2017-02-17,0.0
2017-02-20,0.0
2017-02-21,0.0
2017-02-22,0.0
2017-02-23,0.0
2017-02-24,0.0
2017-02-27,0.0
2017-02-28,0.0
2017-03-01,0.0
2017-03-02,0.0
2017-03-03,0.0
2017-03-06,0.0
2017-03-07,0.0
2017-03-08,0.0
2017-03-09,0.0
2017-03-10,0.0
2017-03-13,0.0
2017-03-14,0.0
2017-03-15,0.0
2017-03-16,0.0
2017-03-17,0.0
2017-03-20,0.0
2017-03-21,0.0
2017-03-22,0.0
2017-03-23,0.0
2017-03-24,0.0
2017-03-27,0.0
2017-03-28,0.0
2017-03-29,0.0
2017-03-30,0.0
2017-03-31,0.0
2017-04-03,0.0
2017-04-04,0.0
2017-04-05,0.0
2017-04-06,0.0
2017-04-07,0.0
2017-04-10,0.0
2017-04-11,0.0
2017-04-12,0.0
2017-04-13,0.0
2017-04-14,0.0
2017-04-17,0.0
2017-04-18,0.0
2017-04-19,0.0
2017-04-20,0.0
2017-04-21,0.0
2017-04-24,0.0
2017-04-25,0.0
2017-04-26,0.0
2017-04-27,0.0
2017-04-28,0.0
2017-05-01,0.0
2017-05-02,0.0
2017-05-03,0.0
2017-05-04,0.0
2017-05-05,0.0
2017-05-08,0.0
2017-05-09,0.0
2017-05-10,0.0
2017-05-11,0.0
2017-05-12,0.0
2017-05-15,0.0
2017-05-16,0.0
2017-05-17,0.0
2017-05-18,0.0
2017-05-19,0.0
2017-05-22,0.0
2017-05-23,0.0
2017-05-24,0.0
2017-05-25,0.0
2017-05-26,0.0
2017-05-29,0.0
2017-05-30,0.0
2017-05-31,0.0
2017-06-01,0.0
2017-06-02,0.0
2017-06-05,0.0
2017-06-06,0.0
2017-06-07,0.0
2017-06-08,0.0
2017-06-09,0.0
2017-06-12,0.0
2017-06-13,0.0
2017-06-14,0.0
2017-06-15,0.0
2017-06-16,0.0
2017-06-19,0.0
2017-06-20,0.0
2017-06-21,0.0
2017-06-22,0.0
2017-06-23,0.0
2017-06-26,0.0
2017-06-27,0.0
2017-06-28,0.0
2017-06-29,0.0
2017-06-30,0.0
2017-07-03,0.0
2017-07-04,0.0
2017-07-05,0.0
2017-07-06,0.0
2017-07-07,0.0
2017-07-10,0.0
2017-07-11,0.0
2017-07-12,0.0
2017-07-13,0.0
2017-07-14,0.0
2017-07-17,0.0
2017-07-18,0.0
2017-07-19,0.0
2017-07-20,0.0
2017-07-21,0.0
2017-07-24,0.0
2017-07-25,0.0
2017-07-26,0.0
2017-07-27,0.0
2017-07-28,0.0
2017-07-31,0.0
2017-08-01,0.0
2017-08-02,0.0
2017-08-03,0.0
2017-08-04,0.0
2017-08-07,0.0
2017-08-08,0.0
2017-08-09,0.0
2017-08-10,0.0
2017-08-11,0.0
2017-08-14,0.0
2017-08-15,0.0
2017-08-16,0.0
2017-08-17,0.0
2017-08-18,0.0
2017-08-21,0.0
2017-08-22,0.0
2017-08-23,0.0
2017-08-24,0.0
2017-08-25,0.0
2017-08-28,0.0
2017-08-29,0.0
2017-08-30,0.0
2017-08-31,0.0
2017-09-01,0.0
2017-09-04,0.0
2017-09-05,0.0
2017-09-06,0.0
2017-09-07,0.0
2017-09-08,0.0
2017-09-11,0.0
2017-09-12,0.0
2017-09-13,0.0
2017-09-14,0.0
2017-09-15,0.0
2017-09-18,0.0
2017-09-19,0.0
2017-09-20,0.0
2017-09-21,0.0
2017-09-22,0.0
2017-09-25,0.0
2017-09-26,0.0
2017-09-27,0.0
2017-09-28,0.0
2017-09-29,0.0
2017-10-02,0.0
2017-10-03,0.0
2017-10-04,0.0
2017-10-05,0.0
2017-10-06,0.0
2017-10-09,0.0
2017-10-10,0.0
2017-10-11,0.0
2017-10-12,0.0
2017-10-13,0.0
2017-10-16,0.0
2017-10-17,0.0
2017-10-18,0.0
2017-10-19,0.0
2017-10-20,0.0
2017-10-23,0.0
2017-10-24,0.0
2017-10-25,0.0
2017-10-26,0.0
2017-10-27,0.0
2017-10-30,0.0
2017-10-31,0.0
2017-11-01,0.0
2017-11-02,0.0
2017-11-03,0.0
2017-11-06,0.0
2017-11-07,0.0
2017-11-08,0.0
2017-11-09,0.0
2017-11-10,0.0
2017-11-13,0.0
2017-11-14,0.0
2017-11-15,0.0
2017-11-16,0.0
2017-11-17,0.0
2017-11-20,0.0
2017-11-21,0.0
2017-11-22,0.0
2017-11-23,0.0
2017-11-24,0.0
2017-11-27,0.0
2017-11-28,0.0
2017-11-29,0.0
2017-11-30,0.0
2017-12-01,0.0
2017-12-04,0.0
2017-12-05,0.0
2017-12-06,0.0
2017-12-07,0.0
2017-12-08,0.0
2017-12-11,0.0
2017-12-12,0.0
2017-12-13,0.0
2017-12-14,0.0
2017-12-15,0.0
2017-12-18,0.0
2017-12-19,0.0
2017-12-20,0.0
2017-12-21,0.0
2017-12-22,0.0
2017-12-25,0.0
2017-12-26,0.0
2017-12-27,0.0
2017-12-28,0.0
2017-12-29,0.0
2018-01-01,0.0
2018-01-02,0.0
2018-01-03,0.0
2018-01-04,0.0
2018-01-05,0.0
2018-01-08,0.0
2018-01-09,0.0
2018-01-10,0.0
2018-01-11,0.0
2018-01-12,0.0
2018-01-15,0.0
2018-01-16,0.0
2018-01-17,0.0
2018-01-18,0.0
2018-01-19,0.0
2018-01-22,0.0
2018-01-23,0.0
2018-01-24,0.0
2018-01-25,0.0
2018-01-26,0.0
2018-01-29,0.0
2018-01-30,0.0
2018-01-31,0.0
2018-02-01,0.0
2018-02-02,0.0
2018-02-05,0.0
2018-02-06,0.0
2018-02-07,0.0
2018-02-08,0.0
2018-02-09,0.0
2018-02-12,0.0
2018-02-13,0.0
2018-02-14,0.0
2018-02-15,0.0
2018-02-16,0.0
2018-02-19,0.0
2018-02-20,0.0
2018-02-21,0.0
2018-02-22,0.0
2018-02-23,0.0
2018-02-26,0.0
2018-02-27,0.0
2018-02-28,0.0
2018-03-01,0.0
2018-03-02,0.0
2018-03-05,0.0
2018-03-06,0.0
2018-03-07,0.0
2018-03-08,0.0
2018-03-09,0.0
2018-03-12,0.0
2018-03-13,0.0
2018-03-14,0.0
2018-03-15,0.0
2018-03-16,0.0
2018-03-19,0.0
2018-03-20,0.0
2018-03-21,0.0
2018-03-22,0.0
2018-03-23,0.0
2018-03-26,0.0
2018-03-27,0.0
2018-03-28,0.0
2018-03-29,0.0
2018-03-30,0.0
2018-04-02,0.0
2018-04-03,0.0
2018-04-04,0.0
2018-04-05,0.0
2018-04-06,0.0
2018-04-09,0.0
2018-04-10,0.0
2018-04-11,0.0
2018-04-12,0.0
2018-04-13,0.0
2018-04-16,0.0
2018-04-17,0.0
2018-04-18,0.0
2018-04-19,0.0
2018-04-20,0.0
2018-04-23,0.0
2018-04-24,0.0
2018-04-25,0.0
2018-04-26,0.0
2018-04-27,0.0
2018-04-30,0.0
2018-05-01,0.0
2018-05-02,0.0
2018-05-03,0.0
2018-05-04,0.0
2018-05-07,0.0
2018-05-08,0.0
2018-05-09,0.0
2018-05-10,0.0
2018-05-11,0.0
2018-05-14,0.0
2018-05-15,0.0
2018-05-16,0.0
2018-05-17,0.0
2018-05-18,0.0
2018-05-21,0.0
2018-05-22,0.0
2018-05-23,0.0
2018-05-24,0.0
2018-05-25,0.0
2018-05-28,0.0
2018-05-29,0.0
2018-05-30,0.0
2018-05-31,0.0
2018-06-01,0.0
2018-06-04,0.0
2018-06-05,0.0
2018-06-06,0.0
2018-06-07,0.0
2018-06-08,0.0
2018-06-11,0.0
2018-06-12,0.0
2018-06-13,0.0
2018-06-14,0.0
2018-06-15,0.0
2018-06-18,0.0
2018-06-19,0.0
2018-06-20,0.0
2018-06-21,0.0
2018-06-22,0.0
2018-06-25,0.0
2018-06-26,0.0
2018-06-27,0.0
2018-06-28,0.0
2018-06-29,0.0
2018-07-02,0.0
2018-07-03,0.0
2018-07-04,0.0
2018-07-05,0.0
2018-07-06,0.0
2018-07-09,0.0
2018-07-10,0.0
2018-07-11,0.0
2018-07-12,0.0
2018-07-13,0.0
2018-07-16,0.0
2018-07-17,0.0
2018-07-18,0.0
2018-07-19,0.0
2018-07-20,0.0
2018-07-23,0.0
2018-07-24,0.0
2018-07-25,0.0
2018-07-26,0.0
2018-07-27,0.0
2018-07-30,0.0
2018-07-31,0.0
2018-08-01,0.0
2018-08-02,0.0
2018-08-03,0.0
2018-08-06,0.0
2018-08-07,0.0
2018-08-08,0.0
2018-08-09,0.0
2018-08-10,0.0
2018-08-13,0.0
2018-08-14,0.0
2018-08-15,0.0
2018-08-16,0.0
2018-08-17,0.0
2018-08-20,0.0
2018-08-21,0.0
2018-08-22,0.0
2018-08-23,0.0
2018-08-24,0.0
2018-08-27,0.0
2018-08-28,0.0
2018-08-29,0.0
2018-08-30,0.0
2018-08-31,0.0
2018-09-03,0.0
2018-09-04,0.0
2018-09-05,0.0
2018-09-06,0.0
2018-09-07,0.0
2018-09-10,0.0
2018-09-11,0.0
2018-09-12,0.0
2018-09-13,0.0
2018-09-14,0.0
2018-09-17,0.0
2018-09-18,0.0
2018-09-19,0.0
2018-09-20,0.0
2018-09-21,0.0
2018-09-24,0.0
2018-09-25,0.0
2018-09-26,0.0
2018-09-27,0.0
2018-09-28,0.0
2018-10-01,0.0
2018-10-02,0.0
2018-10-03,0.0
2018-10-04,0.0
2018-10-05,0.0
2018-10-08,0.0
2018-10-09,0.0
2018-10-10,0.0
2018-10-11,0.0
2018-10-12,0.0
2018-10-15,0.0
2018-10-16,0.0
2018-10-17,0.0
2018-10-18,0.0
2018-10-19,0.0
2018-10-22,0.0
2018-10-23,0.0
2018-10-24,0.0
2018-10-25,0.0
2018-10-26,0.0
2018-10-29,0.0
2018-10-30,0.0
2018-10-31,0.0
2018-11-01,0.0
2018-11-02,0.0
2018-11-05,0.0
2018-11-06,0.0
2018-11-07,0.0
2018-11-08,0.0
2018-11-09,0.0
2018-11-12,0.0
2018-11-13,0.0
2018-11-14,0.0
2018-11-15,0.0
2018-11-16,0.0
2018-11-19,0.0
2018-11-20,0.0
2018-11-21,0.0
2018-11-22,0.0
2018-11-23,0.0
2018-11-26,0.0
2018-11-27,0.0
2018-11-28,0.0
2018-11-29,0.0
2018-11-30,0.0
2018-12-03,0.0
2018-12-04,0.0
2018-12-05,0.0
2018-12-06,0.0
2018-12-07,0.0
2018-12-10,0.0
2018-12-11,0.0
2018-12-12,0.0
2018-12-13,0.0
2018-12-14,0.0
2018-12-17,0.0
2018-12-18,0.0
2018-12-19,0.0
2018-12-20,0.0
2018-12-21,0.0
2018-12-24,0.0
2018-12-25,0.0
2018-12-26,0.0
2018-12-27,0.0
2018-12-28,0.0
2018-12-31,0.0
2019-01-01,0.0
2019-01-02,0.0
2019-01-03,0.0
2019-01-04,0.0
2019-01-07,0.0
2019-01-08,0.0
2019-01-09,0.0
2019-01-10,0.0
2019-01-11,0.0
2019-01-14,0.0
2019-01-15,0.0
2019-01-16,0.0
2019-01-17,0.0
2019-01-18,0.0
2019-01-21,0.0
2019-01-22,0.0
2019-01-23,0.0
2019-01-24,0.0
2019-01-25,0.0
2019-01-28,0.0
2019-01-29,0.0
2019-01-30,0.0
2019-01-31,0.0
2019-02-01,0.0
2019-02-04,0.0
2019-02-05,0.0
2019-02-06,0.0
2019-02-07,0.0
2019-02-08,0.0
2019-02-11,0.0
2019-02-12,0.0
2019-02-13,0.0
2019-02-14,0.0
2019-02-15,0.0
2019-02-18,0.0
2019-02-19,0.0
2019-02-20,0.0
2019-02-21,0.0
2019-02-22,0.0
2019-02-25,0.0
2019-02-26,0.0
2019-02-27,0.0
2019-02-28,0.0
2019-03-01,0.0
2019-03-04,0.0
2019-03-05,0.0
2019-03-06,0.0
2019-03-07,0.0
2019-03-08,0.0
2019-03-11,0.0
2019-03-12,0.0
2019-03-13,0.0
2019-03-14,0.0
2019-03-15,0.0
2019-03-18,0.0
2019-03-19,0.0
2019-03-20,0.0
2019-03-21,0.0
2019-03-22,0.0
2019-03-25,0.0
2019-03-26,0.0
2019-03-27,0.0
2019-03-28,0.0
2019-03-29,0.0
2019-04-01,0.0
2019-04-02,0.0
2019-04-03,0.0
2019-04-04,0.0
2019-04-05,0.0
2019-04-08,0.0
2019-04-09,0.0
2019-04-10,0.0
2019-04-11,0.0
2019-04-12,0.0
2019-04-15,0.0
2019-04-16,0.0
2019-04-17,0.0
2019-04-18,0.0
2019-04-19,0.0
2019-04-22,0.0
2019-04-23,0.0
2019-04-24,0.0
2019-04-25,0.0
2019-04-26,0.0
2019-04-29,0.0
2019-04-30,0.0
2019-05-01,0.0
2019-05-02,0.0
2019-05-03,0.0
2019-05-06,0.0
2019-05-07,0.0
2019-05-08,0.0
2019-05-09,0.0
2019-05-10,0.0
2019-05-13,0.0
2019-05-14,0.0
2019-05-15,0.0
2019-05-16,0.0
2019-05-17,0.0
2019-05-20,0.0
2019-05-21,0.0
2019-05-22,0.0
2019-05-23,0.0
2019-05-24,0.0
2019-05-27,0.0
2019-05-28,0.0
2019-05-29,0.0
2019-05-30,0.0
2019-05-31,0.0
2019-06-03,0.0
2019-06-04,0.0
2019-06-05,0.0
2019-06-06,0.0
2019-06-07,0.0
2019-06-10,0.0
2019-06-11,0.0
2019-06-12,0.0
2019-06-13,0.0
2019-06-14,0.0
2019-06-17,0.0
2019-06-18,0.0
2019-06-19,0.0
2019-06-20,0.0
2019-06-21,0.0
2019-06-24,0.0
2019-06-25,0.0
2019-06-26,0.0
2019-06-27,0.0
2019-06-28,0.0
2019-07-01,0.0
2019-07-02,0.0
2019-07-03,0.0
2019-07-04,0.0
2019-07-05,0.0
2019-07-08,0.0
2019-07-09,0.0
2019-07-10,0.0
2019-07-11,0.0
2019-07-12,0.0
2019-07-15,0.0
2019-07-16,0.0
2019-07-17,0.0
2019-07-18,0.0
2019-07-19,0.0
2019-07-22,0.0
2019-07-23,0.0
2019-07-24,0.0
2019-07-25,0.0
2019-07-26,0.0
2019-07-29,0.0
2019-07-30,0.0
2019-07-31,0.0
2019-08-01,0.0
2019-08-02,0.0
2019-08-05,0.0
2019-08-06,0.0
2019-08-07,0.0
2019-08-08,0.0
2019-08-09,0.0
2019-08-12,0.0
2019-08-13,0.0
2019-08-14,0.0
2019-08-15,0.0
2019-08-16,0.0
2019-08-19,0.0
2019-08-20,0.0
2019-08-21,0.0
2019-08-22,0.0
2019-08-23,0.0
2019-08-26,0.0
2019-08-27,0.0
2019-08-28,0.0
2019-08-29,0.0
2019-08-30,0.0
2019-09-02,0.0
2019-09-03,0.0
2019-09-04,0.0
2019-09-05,0.0
2019-09-06,0.0
2019-09-09,0.0
2019-09-10,0.0
2019-09-11,0.0
2019-09-12,0.0
2019-09-13,0.0
2019-09-16,0.0
2019-09-17,0.0
2019-09-18,0.0
2019-09-19,0.0
2019-09-20,0.0
2019-09-23,0.0
2019-09-24,0.0
2019-09-25,0.0
2019-09-26,0.0
2019-09-27,0.0
2019-09-30,0.0
2019-10-01,0.0
2019-10-02,0.0
2019-10-03,0.0
2019-10-04,0.0
2019-10-07,0.0
2019-10-08,0.0
2019-10-09,0.0
2019-10-10,0.0
2019-10-11,0.0
2019-10-14,0.0
2019-10-15,0.0
2019-10-16,0.0
2019-10-17,0.0
2019-10-18,0.0
2019-10-21,0.0
2019-10-22,0.0
2019-10-23,0.0
2019-10-24,0.0
2019-10-25,0.0
2019-10-28,0.0
2019-10-29,0.0
2019-10-30,0.0
2019-10-31,0.0
2019-11-01,0.0
2019-11-04,0.0
2019-11-05,0.0
2019-11-06,0.0
2019-11-07,0.0
2019-11-08,0.0
2019-11-11,0.0
2019-11-12,0.0
2019-11-13,0.0
2019-11-14,0.0
2019-11-15,0.0
2019-11-18,0.0
2019-11-19,0.0
2019-11-20,0.0
2019-11-21,0.0
2019-11-22,0.0
2019-11-25,0.0
2019-11-26,0.0
2019-11-27,0.0
2019-11-28,0.0
2019-11-29,0.0
2019-12-02,0.0
2019-12-03,0.0
2019-12-04,0.0
2019-12-05,0.0
2019-12-06,0.0
2019-12-09,0.0
2019-12-10,0.0
2019-12-11,0.0
2019-12-12,0.0
2019-12-13,0.0
2019-12-16,0.0
2019-12-17,0.0
2019-12-18,0.0
2019-12-19,0.0
2019-12-20,0.0
2019-12-23,0.0
2019-12-24,0.0
2019-12-25,0.0
2019-12-26,0.0
2019-12-27,0.0
2019-12-30,0.0
2019-12-31,0.0
2020-01-01,0.0
2020-01-02,0.0
2020-01-03,0.0
2020-01-06,0.0
2020-01-07,0.0
2020-01-08,0.0
2020-01-09,0.0
2020-01-10,0.0
2020-01-13,0.0
2020-01-14,0.0
2020-01-15,0.0
2020-01-16,0.0
2020-01-17,0.0
2020-01-20,0.0
2020-01-21,0.0
2020-01-22,0.0
2020-01-23,0.0
2020-01-24,0.0
2020-01-27,0.0
2020-01-28,0.0
2020-01-29,0.0
2020-01-30,0.0
2020-01-31,0.0
2020-02-03,0.0
2020-02-04,0.0
2020-02-05,0.0
2020-02-06,0.0
2020-02-07,0.0
2020-02-10,0.0
2020-02-11,0.0
2020-02-12,0.0
2020-02-13,0.0
2020-02-14,0.0
2020-02-17,0.0
2020-02-18,0.0
2020-02-19,0.0
2020-02-20,0.0
2020-02-21,0.0
2020-02-24,0.0
2020-02-25,0.0
2020-02-26,0.0
2020-02-27,0.0
2020-02-28,0.0
2020-03-02,0.0
2020-03-03,0.0
2020-03-04,0.0
2020-03-05,0.0
2020-03-06,0.0
2020-03-09,0.0
2020-03-10,0.0
2020-03-11,0.0
2020-03-12,0.0
2020-03-13,0.0
2020-03-16,0.0
2020-03-17,0.0
2020-03-18,0.0
2020-03-19,0.0
2020-03-20,0.0
2020-03-23,0.0
2020-03-24,0.0
2020-03-25,0.0
2020-03-26,0.0
2020-03-27,0.0
2020-03-30,0.0
2020-03-31,0.0
2020-04-01,0.0
2020-04-02,0.0
2020-04-03,0.0
2020-04-06,0.0
2020-04-07,0.0
2020-04-08,0.0
2020-04-09,0.0
2020-04-10,0.0
2020-04-13,0.0
2020-04-14,0.0
2020-04-15,0.0
2020-04-16,0.0
2020-04-17,0.0
2020-04-20,0.0
2020-04-21,0.0
2020-04-22,0.0
2020-04-23,0.0
2020-04-24,0.0
2020-04-27,0.0
2020-04-28,0.0
2020-04-29,0.0
2020-04-30,0.0
2020-05-01,0.0
2020-05-04,0.0
2020-05-05,0.0
2020-05-06,0.0
2020-05-07,0.0
2020-05-08,0.0
2020-05-11,0.0
2020-05-12,0.0
2020-05-13,0.0
2020-05-14,0.0
2020-05-15,0.0
2020-05-18,0.0
2020-05-19,0.0
2020-05-20,0.0
2020-05-21,0.0
2020-05-22,0.0
2020-05-25,0.0
2020-05-26,0.0
2020-05-27,0.0
2020-05-28,0.0
2020-05-29,0.0
2020-06-01,0.0
2020-06-02,0.0
2020-06-03,0.0
2020-06-04,0.0
2020-06-05,0.0
2020-06-08,0.0
2020-06-09,0.0
2020-06-10,0.0
2020-06-11,0.0
2020-06-12,0.0
2020-06-15,0.0
2020-06-16,0.0
2020-06-17,0.0
2020-06-18,0.0
2020-06-19,0.0
2020-06-22,0.0
2020-06-23,0.0
2020-06-24,0.0
2020-06-25,0.0
2020-06-26,0.0
2020-06-29,0.0
2020-06-30,0.0
2020-07-01,0.0
2020-07-02,0.0
2020-07-03,0.0
2020-07-06,0.0
2020-07-07,0.0
2020-07-08,0.0
2020-07-09,0.0
2020-07-10,0.0
2020-07-13,0.0
2020-07-14,0.0
2020-07-15,-0.006823030227473283
2020-07-16,0.011017301706123557
2020-07-17,0.0024982388027609227
2020-07-20,-0.004094224146847557
2020-07-21,-0.007181883698977147
2020-07-22,-0.0048466471701789455
2020-07-23,0.006640185600240045
2020-07-24,-0.007992232045770573
2020-07-27,0.003023062024124527
2020-07-28,-0.01117939127568822
2020-07-29,0.0021179609938079395
2020-07-30,0.007709517292432607
2020-07-31,-0.015772376072851486
2020-08-03,-0.00044505020782833094
2020-08-04,0.009956812706254037
2020-08-05,0.0013183524402448604
2020-08-06,0.0018421084344489975
2020-08-07,0.003812743536629206
2020-08-10,0.023718252405959952
2020-08-11,-0.019084457144297035
2020-08-12,0.01619370591106825
2020-08-13,0.021619249904510654
2020-08-14,-0.002843361292022535
2020-08-17,-0.0005925493458698423
2020-08-18,-0.0008781707771894727
2020-08-19,-0.005301664293988545
2020-08-20,0.000255070908742241
2020-08-21,-0.0004293971231499197
2020-08-24,0.0028522131291516747
2020-08-25,0.002062378097669292
2020-08-26,-0.005342786879208858
2020-08-27,0.007042172913313473
2020-08-28,0.004677616286629611
2020-08-31,-0.00384694119568222
2020-09-01,-0.0028805476853613894
2020-09-02,0.002590665379781758
2020-09-03,-0.006617072173438518
2020-09-04,0.0019622164872519846
2020-09-07,0.009031693581929626
2020-09-08,-0.014197967398396407
2020-09-09,0.0004408988624826516
2020-09-10,-0.0035273121013506743
2020-09-11,-0.011915234256560603
2020-09-14,0.0059181953380649
2020-09-15,-0.0008987824339006241
2020-09-16,-0.009491234492520364
2020-09-17,-0.0003207521102475629
2020-09-18,0.007731401415884969
2020-09-21,0.0012190215169696197
2020-09-22,-0.02157155569551169
2020-09-23,0.007607460113469564
2020-09-24,0.007410774041677756
2020-09-25,-0.00661561994109747
2020-09-28,0.017848796650173786
2020-09-29,-0.005903510369222902
2020-09-30,0.005586074839541205
2020-10-01,0.005596749405586619
2020-10-02,-0.0120336491002944
2020-10-05,0.0012426020576113972
2020-10-06,-0.010800544718589045
2020-10-07,-0.018077237766009897
2020-10-08,0.003087709047173937
2020-10-09,-0.010696644686722661
2020-10-12,-0.0002058940778154251
2020-10-13,-0.0028877170742053933
2020-10-14,-0.012289960989887152
2020-10-15,0.0011142284937189933
2020-10-16,0.017123065867699676
2020-10-19,0.016627306378870665
2020-10-20,0.009279486640141147
2020-10-21,0.014796301770029172
2020-10-22,-0.004648606544558145
2020-10-23,0.013992054718581707
2020-10-26,0.014117206254487872
2020-10-27,-0.0012205650311010803
2020-10-28,-0.0025923994374548176
2020-10-29,0.01907651782701378
2020-10-30,0.0058098257419546915
2020-11-02,0.005565340538314133
2020-11-03,0.004546602431911429
2020-11-04,0.0016977376411879258
2020-11-05,-0.006220702322214167
2020-11-06,-0.008931899800537369
2020-11-09,-0.008779263618708559
2020-11-10,-0.01352945975669965
2020-11-11,0.004922993107227619
2020-11-12,0.002438769573572303
2020-11-13,-0.006126279803274525
2020-11-16,-0.0057949939654380455
2020-11-17,-0.011597444016751123
2020-11-18,-0.0025513957599454283
2020-11-19,-0.013879887682864923
2020-11-20,-0.010598572919593811
2020-11-23,0.012779981169930335
2020-11-24,0.008056957857390062
2020-11-25,-0.0002497422934876342
2020-11-26,-0.0003111611569235964
2020-11-27,-0.00011076993574711362
2020-11-30,-0.01758542802970751
2020-12-01,-0.007834971297750085
2020-12-02,-0.003974227446910537
2020-12-03,-0.014033449152344822
2020-12-04,7.408725712850444e-05
2020-12-07,-0.01322041224086332
2020-12-08,0.011483156322386587
2020-12-09,0.0024218447121179707
2020-12-10,-0.01001675965781786
2020-12-11,0.004778403887957814
2020-12-14,-0.004014580611140214
2020-12-15,-0.015059039004772085
2020-12-16,0.02846378283783306
2020-12-17,-0.008995875224232893
2020-12-18,0.01095506775982924
2020-12-21,0.0031895270549752524
2020-12-22,-0.01623165147300923
2020-12-23,0.0036944457695293376
2020-12-24,0.011357551008608864
2020-12-25,0.004571456004404386
2020-12-28,0.00022117413596902942
2020-12-29,-0.007786599842014821
2020-12-30,0.0031442095641645413
2020-12-31,0.015317155420118387
2021-01-01,0.00796921545327451
2021-01-04,0.009055254127985676
2021-01-05,0.02688091727494794
2021-01-06,0.004350343435733478
2021-01-07,0.0014457740502796315
2021-01-08,-0.0024447792902253496
2021-01-11,-0.013941936257215575
2021-01-12,-0.018322987899498745
2021-01-13,-0.011985390137086748
2021-01-14,-0.0080010223200974
2021-01-15,0.015308435091076709
2021-01-18,0.0035501406236325317
2021-01-19,-0.0016002356173684142
2021-01-20,0.004236408235129843
2021-01-21,0.009230084585175475
2021-01-22,0.007455450592811558
2021-01-25,0.008049436752249707
2021-01-26,0.0007021239373049787
2021-01-27,-0.0049114059945438325
2021-01-28,0.004415977830958136
2021-01-29,-0.02295239065843006
2021-02-01,-0.026102436375761873
2021-02-02,0.0057432345430361575
2021-02-03,0.0031732356777130427
2021-02-04,0.0014302743859312657
2021-02-05,-0.012183738752725652
2021-02-08,-0.020346645136207788
2021-02-09,0.005089634527051813
2021-02-10,-0.006859845187644326
2021-02-11,0.0021500609845063047
2021-02-12,0.020421056666933248
2021-02-15,0.008890227315133075
2021-02-16,0.021742372201713277
2021-02-17,-0.006028683609547766
2021-02-18,-0.015368853133114091
2021-02-19,0.008299943694559123
2021-02-22,-0.005278733145062267
2021-02-23,0.0041251064060419725
2021-02-24,0.0054003580056414015
2021-02-25,-0.031869966239275
2021-02-26,-0.005530908439262443
2021-03-01,0.018317509761458392
2021-03-02,0.008490742384469709
2021-03-03,-0.0020279540811131034
2021-03-04,-0.0176219415492162
2021-03-05,0.008117345043117093
2021-03-08,-0.0004579809588303805
2021-03-09,0.015968203283074897
2021-03-10,-0.011852204980317867
2021-03-11,-0.0160043323937641
2021-03-12,-0.002459754006831726
2021-03-15,-0.020193362120721977
2021-03-16,-0.030971975061317502
2021-03-17,0.006045606532019195
2021-03-18,-0.007559274177133851
2021-03-19,-0.01311338031566869
2021-03-22,0.00947056718798673
2021-03-23,0.015623989314998084
2021-03-24,-0.005418439678786671
2021-03-25,-0.004614506140466669
2021-03-26,-0.005304945184329756
2021-03-29,0.011962728527717872
2021-03-30,0.010336547412530924
2021-03-31,-0.015316255554304862
2021-04-01,-0.009832992282120869
2021-04-02,0.0005615493647330237
2021-04-05,-0.00957499637356505
2021-04-06,-0.00959110973094859
2021-04-07,0.005357627345549192
2021-04-08,0.0016945750310681535
2021-04-09,0.022894541381134826
2021-04-12,-0.0029605422989069153
2021-04-13,-0.025584419180670927
2021-04-14,0.008259332868794012
2021-04-15,2.8256429091729103e-05
2021-04-16,0.008063214328097585
2021-04-19,0.01851191318432363
2021-04-20,-0.012139602480036944
2021-04-21,0.015005834895522933
2021-04-22,0.005794619878817575
2021-04-23,-0.006950832923253922
2021-04-26,0.001020659202294474
2021-04-27,-0.0018202785894433616
2021-04-28,0.0074633554987900315
2021-04-29,-0.00633759926655718
2021-04-30,-0.010381825850177847
2021-05-03,0.001095239005570587
2021-05-04,-0.021033910376583323
2021-05-05,-0.0011188862844966462
2021-05-06,0.005120235666727207
2021-05-07,0.016071561492970482
2021-05-10,3.9321536276071874e-05
2021-05-11,0.013812427604063279
2021-05-12,0.002812432862475118
2021-05-13,-0.0026381149703216234
2021-05-14,-0.007308016407615012
2021-05-17,0.017205429636167852
2021-05-18,-0.003877707338974609
2021-05-19,0.007070771139549556
2021-05-20,0.026794724942190047
2021-05-21,0.018519166408980645
2021-05-24,0.0073445480076987065
2021-05-25,0.016203697575557657
2021-05-26,0.007472150152726732
2021-05-27,-0.0010486506543705258
2021-05-28,0.02379066034137086
2021-05-31,0.004293781083701647
2021-06-01,0.022485717556929744
2021-06-02,-0.017695693664222523
2021-06-03,0.012064726109544555
2021-06-04,-0.00152166659442199
2021-06-07,0.000535081255274154
2021-06-08,0.004080396283539808
2021-06-09,0.00861709357499468
2021-06-10,-0.01436205045953223
2021-06-11,-0.0104827318138012
2021-06-14,0.006233478743282223
2021-06-15,0.013945450738053299
2021-06-16,-0.02191321699539546
2021-06-17,-0.0029495188012151653
2021-06-18,-0.017177502872876265
2021-06-21,0.010752889447837144
2021-06-22,0.017588454096354088
2021-06-23,0.0024280174154644634
2021-06-24,-0.009303345588392926
2021-06-25,-0.004564119391074633
2021-06-28,-0.004759825862319417
2021-06-29,0.006092934697710847
2021-06-30,0.019674150432335665
2021-07-01,-0.017133925547709636
2021-07-02,-0.002651496897034206
2021-07-05,-0.04016737082664054
2021-07-06,0.0033390804007287864
2021-07-07,0.0029703607188338926
2021-07-08,0.01604058583628936
2021-07-09,-0.007106473493688845
2021-07-12,-0.007092071011310449
2021-07-13,0.009044878689165172
2021-07-14,0.009065819688909675
2021-07-15,-0.002098879663248004
2021-07-16,-0.01132321576551143
2021-07-19,-0.006034116848683044
2021-07-20,0.000648938224869916
2021-07-21,-0.02338768340238336
2021-07-22,0.012765399381341823
2021-07-23,-0.011870867962339174
2021-07-26,-0.012529826913346968
2021-07-27,-0.011810803633557425
2021-07-28,0.00871133957626851
2021-07-29,0.004900738063386063
2021-07-30,0.015086395992299946
2021-08-02,0.0017954464793677664
2021-08-03,-0.005737055539638188
2021-08-04,-0.01226278904346625
2021-08-05,-0.0019653011982493007
2021-08-06,0.01693283174902117
2021-08-09,0.00673607804969757
2021-08-10,0.00504509001019667
2021-08-11,-0.004078308168213604
2021-08-12,0.006455424136046963
2021-08-13,0.021742726502460168
2021-08-16,-0.009761965044784365
2021-08-17,0.0029209322235188196
2021-08-18,-0.00490288707674745
2021-08-19,-0.01770281765075982
2021-08-20,0.03734598532116759
2021-08-23,-0.0056445766202429925
2021-08-24,-0.0037617535178225124
2021-08-25,-0.016328391729578957
2021-08-26,0.016492043443257016
2021-08-27,-0.00652522602269412
2021-08-30,-0.002107578621918361
2021-08-31,0.0012110991861854123
2021-09-01,0.008487975297100209
2021-09-02,0.016936330528364504
2021-09-03,0.006536610994875432
2021-09-06,0.009463057072476723
2021-09-07,-0.004585096149770995
2021-09-08,-0.015557973902614227
2021-09-09,-0.01366413893230774
2021-09-10,0.00537702942020715
2021-09-13,0.0031027059997842162
2021-09-14,-0.0015831460235255798
2021-09-15,-0.0023165372055634122
2021-09-16,-0.01691987671317351
2021-09-17,0.012855956461164749
2021-09-20,0.0008191560963970938
2021-09-21,-0.001922432200107263
2021-09-22,-0.021338258013482582
2021-09-23,0.011868743692174524
2021-09-24,-0.0016983780610494662
2021-09-27,-0.010450235862005107
2021-09-28,0.01468055387883467
2021-09-29,-0.0003375668832622902
2021-09-30,-0.013601103661160196
2021-10-01,0.012544302730665742
2021-10-04,0.010036036183725764
2021-10-05,-0.0024004720016285795
2021-10-06,0.003977997322508487
2021-10-07,0.0002509906422840289
2021-10-08,-0.00200124845043047
2021-10-11,-0.0028294888480866216
2021-10-12,0.00012824654181157764
2021-10-13,-0.003965879674712882
2021-10-14,-0.0061730910711407985
2021-10-15,-0.0009102139713852439
2021-10-18,-0.017676440549862317
2021-10-19,-0.0044958189846071965
2021-10-20,0.0028003802716104953
2021-10-21,-0.001942471078430855
2021-10-22,0.009693247607131366
2021-10-25,-0.00804761641597872
2021-10-26,0.017068841624689864
2021-10-27,-0.009042219356394324
2021-10-28,-0.020146013591464333
2021-10-29,-0.0050331554305066036
2021-11-01,0.013681089881658821
2021-11-02,0.006394752557350779
2021-11-03,0.014631607238667976
2021-11-04,-0.008332504817168409
2021-11-05,0.007095659778192808
2021-11-08,0.005447660280006698
2021-11-09,-0.001840500628067831
2021-11-10,0.01638740880189376
2021-11-11,0.004423794008476455
2021-11-12,-0.0018616078080550722
2021-11-15,0.0010261285208257686
2021-11-16,-0.015039824878202362
2021-11-17,-0.004055951478250233
2021-11-18,-2.2334430596603018e-05
2021-11-19,0.02831581484389668
2021-11-22,0.01267823553090546
2021-11-23,0.009657961006616584
2021-11-24,-0.007600361669033442
2021-11-25,-0.016210799634979414
2021-11-26,0.005024438269351454
2021-11-29,-0.006367916980142569
2021-11-30,-0.006015066104435843
2021-12-01,-0.011491000139873756
2021-12-02,0.010595011482040773
2021-12-03,-0.008840388948091273
2021-12-06,-0.0009008069524711274
2021-12-07,0.00552514471906081
2021-12-08,-0.010415220445115544
2021-12-09,-0.003346954860948777
2021-12-10,0.000286823089015868
2021-12-13,-0.00524108656183827
2021-12-14,0.017234965684538722
2021-12-15,0.00246320042673208
2021-12-16,-0.0012429196715045584
2021-12-17,0.03546373734038877
2021-12-20,-0.011093304633370462
2021-12-21,0.0008884196427487865
2021-12-22,-0.006567857115278654
2021-12-23,-0.0029722305142145184
2021-12-24,0.004227260967382488
2021-12-27,0.02185140265892803
2021-12-28,0.0015530495531944637
2021-12-29,0.009257237204917345
2021-12-30,-0.008683522637764703
2021-12-31,-0.006055941525982756
2022-01-03,0.02003492913267244
2022-01-04,-0.011163656291406782
2022-01-05,0.01291611035565907
2022-01-06,-0.011073540033860553
2022-01-07,-0.0092281952367184
2022-01-10,-0.005367099406961227
2022-01-11,0.008982272356585143
2022-01-12,-0.0018447432211082578
2022-01-13,-0.006990272729528385
2022-01-14,-0.008916170834829294
2022-01-17,-0.0049732728765277115
2022-01-18,0.009535803762948615
2022-01-19,-0.014512816518026887
2022-01-20,0.004426285755881688
2022-01-21,-0.0018091867327663085
2022-01-24,0.018442230980913268
2022-01-25,-0.01494056920447822
2022-01-26,0.011955282853522518
2022-01-27,-0.007144167388589154
2022-01-28,0.004174679182724914
2022-01-31,-0.022853819373467196
2022-02-01,-0.019156005145251086
2022-02-02,-0.001230348609995011
2022-02-03,0.0031498182009593633
2022-02-04,0.014220191999617828
2022-02-07,-0.0015610280724100748
2022-02-08,-0.005759253420828453
2022-02-09,0.005189256103114419
2022-02-10,0.003895371196420039
2022-02-11,-0.021077108828498472
2022-02-14,0.0155595414796066
2022-02-15,0.013220791730953228
2022-02-16,0.009733775751813892
2022-02-17,-0.00914690716308354
2022-02-18,0.007436864865064737
2022-02-21,-0.018675102508990522
2022-02-22,0.01574034728014395
2022-02-23,-0.01951120825367721
2022-02-24,-0.015322725691454292
2022-02-25,-0.00861294481711265
2022-02-28,0.013503894777602471
2022-03-01,-0.006350441767109773
2022-03-02,0.007220242105604883
2022-03-03,-0.025103910096736095
2022-03-04,-0.00016833441756996474
2022-03-07,-0.01248358496755036
2022-03-08,-0.014025523989701999
2022-03-09,0.00688485035074097
2022-03-10,-0.0024559361475158512
2022-03-11,-0.006606866417729748
2022-03-14,-0.01710145902830537
2022-03-15,0.011856566729462004
2022-03-16,0.006807836851601665
2022-03-17,0.009455842387189996
2022-03-18,-0.0068304581886918896
2022-03-21,0.0052564642553342734
2022-03-22,0.011900717011650616
2022-03-23,0.003318806378450353
2022-03-24,-0.013976800293850818
2022-03-25,0.0037626489654426633
2022-03-28,0.009654771006134173
2022-03-29,-0.01973273037485237
2022-03-30,-0.007179050313487301
2022-03-31,0.008608833966741747
2022-04-01,-0.011555908567969585
2022-04-04,0.022982648216307567
2022-04-05,0.015198330602436989
2022-04-06,0.0027360218118803866
2022-04-07,0.01388653552790816
2022-04-08,0.005317799426213873
2022-04-11,-0.0014797431447129221
2022-04-12,-0.006964783436311659
2022-04-13,0.005605452308704757
2022-04-14,-0.003882683887336526
2022-04-15,0.008612567040080805
2022-04-18,0.00011147559048096663
2022-04-19,-0.02149449194765568
2022-04-20,-0.0008466304606089782
2022-04-21,0.009462817789956106
2022-04-22,-0.005933713399598067
2022-04-25,0.017392856294241973
2022-04-26,-0.0014060176188332883
2022-04-27,-0.008324767693163246
2022-04-28,0.00034849452632944354
2022-04-29,-6.158403122952716e-05
2022-05-02,0.011407488306954705
2022-05-03,-0.007226864459441118
2022-05-04,0.013897378554912214
2022-05-05,0.011840615568720663
2022-05-06,0.011796541646550317
2022-05-09,0.02419991559576344
2022-05-10,-0.009739194007410471
2022-05-11,0.011560024580098773
2022-05-12,0.015032916950749091
2022-05-13,0.0027439610396487154
2022-05-16,-0.022273706591196825
2022-05-17,0.006633369592749018
2022-05-18,-0.0069506953912661495
2022-05-19,0.007481357948128211
2022-05-20,0.009293305972671922
2022-05-23,0.007505836768599344
2022-05-24,0.012862809239952965
2022-05-25,-0.00010576181180837162
2022-05-26,-0.0037271753887398416
2022-05-27,-0.005044928085369146
2022-05-30,0.0022268118926408948
2022-05-31,-0.0007744176798857169
2022-06-01,-0.013055199472366885
2022-06-02,0.015078072444654348
2022-06-03,-0.0010432264705943668
2022-06-06,-0.017258102329154094
2022-06-07,0.003958218334074589
2022-06-08,0.014716996381589666
2022-06-09,-3.999675848717892e-06
2022-06-10,-0.010921207062999433
2022-06-13,0.0069355654601282015
2022-06-14,0.022985172351760327
2022-06-15,0.006309140080076732
2022-06-16,0.021698203914425014
2022-06-17,0.012841649114200231
2022-06-20,-0.0036350392582002278
2022-06-21,0.02482899722833473
2022-06-22,-0.006288826755112206
2022-06-23,0.012201775030157392
2022-06-24,-0.008302930092303281
2022-06-27,-0.0010139267303497608
2022-06-28,0.016839904632556208
2022-06-29,0.010765290099277314
2022-06-30,-0.015187553144592686
2022-07-01,0.013325994475044848
2022-07-04,0.0035171844470600734
2022-07-05,-0.010515566186582894
2022-07-06,-0.007430115952253194
2022-07-07,-0.0002614652411306495
2022-07-08,-0.010497136221956013
2022-07-11,-0.00473344748836525
2022-07-12,-0.019223154181746714
2022-07-13,0.005617729672238208
2022-07-14,-0.00828559470481132
2022-07-15,0.007417866300365375
2022-07-18,-0.000995072245752951
2022-07-19,0.009471217850315905
2022-07-20,0.009252246918586648
2022-07-21,0.006979889417549355
2022-07-22,-0.019292680743684103
2022-07-25,0.02733964014336261
2022-07-26,0.0014084812764190153
2022-07-27,-0.0024507109518225787
2022-07-28,-0.02548054680311328
2022-07-29,-0.0029694288986949167
2022-08-01,-0.021463678884835947
2022-08-02,0.00154868596339007
2022-08-03,-0.004382034167176445
2022-08-04,0.012833046984371734
2022-08-05,-0.007947390798835958
2022-08-08,0.015148690999115656
2022-08-09,-0.00810292538093614
2022-08-10,-0.00782083633377268
2022-08-11,0.014382932169294276
2022-08-12,0.0030998977814725957
2022-08-15,0.00278519634352034
2022-08-16,-0.005753659738170597
2022-08-17,0.021031097099958453
2022-08-18,-0.004640435078758887
2022-08-19,0.011570448121149476
2022-08-22,-0.008273459639395964
2022-08-23,-0.0005535906416977983
2022-08-24,0.00031131337075752724
2022-08-25,0.010623224031101117
2022-08-26,0.012888890237833177
2022-08-29,0.01006584395709823
2022-08-30,9.855582589218554e-05
2022-08-31,0.011762995309425926
2022-09-01,0.021314810571734018
2022-09-02,0.013032832365359608
2022-09-05,-0.004419129635471778
2022-09-06,-0.0224494160388944
2022-09-07,0.003737130205764197
2022-09-08,0.0023884351067104187
2022-09-09,0.000684084445301203
2022-09-12,-0.003672746658065767
2022-09-13,-0.010389142537228285
2022-09-14,0.009222714154102462
2022-09-15,-0.0036488314138512813
2022-09-16,-0.020747207045360126
2022-09-19,-0.005878164131692953
2022-09-20,-0.0022170979774606627
2022-09-21,0.00019534407060615988
2022-09-22,0.005680657312106416
2022-09-23,0.011140576961113589
2022-09-26,-0.0009529165071738999
2022-09-27,0.0037774550937668006
2022-09-28,-0.015378104424575814
2022-09-29,-0.029764445589614597
2022-09-30,-0.028418327617848824
2022-10-03,-0.001962689570437979
2022-10-04,-0.0005549735737809074
2022-10-05,-0.00013033684235863705
2022-10-06,0.011207840377124571
2022-10-07,0.011880660943340615
2022-10-10,0.00794673200089207
2022-10-11,0.01198324027855477
2022-10-12,-0.010420408338074205
2022-10-13,-0.010283364682589329
2022-10-14,-0.0075612862845630706
2022-10-17,-0.009166509234100352
2022-10-18,-0.007858095029085913
2022-10-19,0.014175440404780065
2022-10-20,0.014208721784568161
2022-10-21,0.010195609336690833
2022-10-24,0.017895083918642918
2022-10-25,0.011187731160322161
2022-10-26,-0.006001891247671526
2022-10-27,0.024111490561337955
2022-10-28,0.004527915540360397
2022-10-31,0.004233805556547238
2022-11-01,-0.014441890074071794
2022-11-02,-0.008901105875781547
2022-11-03,-0.007874454145646432
2022-11-04,0.010181671037185532
2022-11-07,-0.005932347649014572
2022-11-08,0.014020300006238402
2022-11-09,-0.013907089483672594
2022-11-10,0.0036172347130486197
2022-11-11,-0.005253160181174324
2022-11-14,-0.0018853629361206235
2022-11-15,-0.0015427835718706782
2022-11-16,0.013370392540831548
2022-11-17,-0.0156892949095588
2022-11-18,0.010171194442937999
2022-11-21,0.0010740867601517117
2022-11-22,0.004893286809758685
2022-11-23,0.015264770551780707
2022-11-24,-0.0057197675235881465
2022-11-25,0.0013641082828748851
2022-11-28,-0.022624237960295838
2022-11-29,-0.008148640788452236
2022-11-30,0.0022943123055626756
2022-12-01,0.012190726157636524
2022-12-02,-0.00590506082662692
2022-12-05,0.00729159536468894
2022-12-06,-0.0034050057372863782
2022-12-07,-0.005805856515504184
2022-12-08,0.009824926566264783
2022-12-09,0.009177354442325345
2022-12-12,0.008653577622417684
2022-12-13,0.0024450267213613876
2022-12-14,0.006619640036839851
2022-12-15,0.019288968515947098
2022-12-16,0.0014292274082952756
2022-12-19,-0.0028628062199154776
2022-12-20,0.003949224922243094
2022-12-21,-0.018696693990639605
2022-12-22,-0.0016654668535135675
2022-12-23,-0.007699388993726379
2022-12-26,0.006143948671065173
2022-12-27,-0.00971428037171709
2022-12-28,0.0033487500122089866
2022-12-29,0.015054078286687159
2022-12-30,-0.007528170916195154
2023-01-02,0.003733086958161422
2023-01-03,-0.003688975582727281
2023-01-04,-0.006422717601736378
2023-01-05,0.017971743751148194
2023-01-06,0.0057044520288489255
2023-01-09,-0.007660881597911906
2023-01-10,-0.027176334994956856
2023-01-11,-0.019889498313624212
2023-01-12,0.006557321088395313
2023-01-13,0.009825155507022131
2023-01-16,0.004557829852031075
2023-01-17,-0.003634571222173933
2023-01-18,0.017117345745156592
2023-01-19,-0.0006209486489800046
2023-01-20,0.013889720151656211
2023-01-23,0.014503536363133384
2023-01-24,-0.034651412915243124
2023-01-25,0.027506359512738457
2023-01-26,0.004830267333401983
2023-01-27,0.01961911128416865
2023-01-30,0.006251181763752204
2023-01-31,0.008592696314389858
2023-02-01,-0.018152863413287847
2023-02-02,-0.01158515994434841
2023-02-03,0.009366555780586452
2023-02-06,-0.008000993040278829
2023-02-07,0.006716900938826398
2023-02-08,0.01735070984985697
2023-02-09,0.002755125207656516
2023-02-10,0.009703476268847586
2023-02-13,0.020433071287774936
2023-02-14,0.012003189388044773
2023-02-15,-0.004175130531009371
2023-02-16,-0.002433262887476275
2023-02-17,0.02778760036384684
2023-02-20,-0.012678400998334931
2023-02-21,-0.006641192403890385
2023-02-22,-0.017990024156663613
2023-02-23,-0.011984363365807573
2023-02-24,-0.005316998847024017
2023-02-27,0.013527218476318496
2023-02-28,-0.009701688862064125
2023-03-01,0.0031998713284085737
2023-03-02,0.007317387970647959
2023-03-03,-0.015691191697490094
2023-03-06,0.010593098925677622
2023-03-07,0.006648167754770184
2023-03-08,0.004506266446593231
2023-03-09,-0.008560621074665035
2023-03-10,-0.012347595483165493
2023-03-13,-0.01066237942571117
2023-03-14,-0.010233524067416932
2023-03-15,-0.013252817340419278
2023-03-16,-0.004173451373685189
2023-03-17,0.02753082370040257
2023-03-20,-0.004472298483596414
2023-03-21,0.011882808488577408
2023-03-22,0.0017839876981688245
2023-03-23,0.0031338286399440482
2023-03-24,-0.0006810949962083176
2023-03-27,-0.001719778581036235
2023-03-28,0.010002006407831901
2023-03-29,-0.016400465843483966
2023-03-30,0.0034617127460849035
2023-03-31,-0.0014132893957105653
2023-04-03,-0.01064368984060135
2023-04-04,-0.01635465771516845
2023-04-05,-0.000221725568562568
2023-04-06,0.012707290055267493
2023-04-07,0.0015651345296337192
2023-04-10,0.006231008536962355
2023-04-11,0.004860786412218567
2023-04-12,-0.009962925747199603
2023-04-13,-0.0016117359279733323
2023-04-14,0.011055426912973046
2023-04-17,0.010274119482605357
2023-04-18,0.009232439541914777
2023-04-19,0.002764795949418288
2023-04-20,0.0014024160637360064
2023-04-21,-0.0007895233744371379
2023-04-24,-0.0055416580365872025
2023-04-25,0.013569529623289339
2023-04-26,-0.0002248014134965309
2023-04-27,0.0025208387211028967
2023-04-28,0.010144347386619682
2023-05-01,0.0014536868436910591
2023-05-02,0.008294371506216824
2023-05-03,-0.022917802670809475
2023-05-04,-0.0073202019629206895
2023-05-05,0.011622938106717795
2023-05-08,0.008384947779050621
2023-05-09,-0.002662645869936214
2023-05-10,-0.005518550165947599
2023-05-11,-0.020682261611737668
2023-05-12,-0.0036869927733938802
2023-05-15,-0.013723836171561083
2023-05-16,-0.010607786180321304
2023-05-17,0.013943415644759464
2023-05-18,0.014734506318922274
2023-05-19,-0.0007111563320633683
2023-05-22,0.009092215873116186
2023-05-23,0.004560003612660436
2023-05-24,-0.005034707168006802
2023-05-25,0.001663582109379103
2023-05-26,-0.002889758214805956
2023-05-29,-0.00885409688123285
2023-05-30,0.014735282191198622
2023-05-31,0.01413430615310564
2023-06-01,0.005856926282330189
2023-06-02,-0.0039430376856489984
2023-06-05,-0.004321216407140546
2023-06-06,0.005677976543912986
2023-06-07,0.0238937771595856
2023-06-08,0.003583653104785256
2023-06-09,0.01674467502158474
2023-06-12,0.015510993278088652
2023-06-13,0.01467034676752015
2023-06-14,-0.01072014576893253
2023-06-15,0.022447303318431977
2023-06-16,-0.014219686643412669
2023-06-19,-0.004564421485516572
2023-06-20,-0.012530099246327024
2023-06-21,0.00763102654052767
2023-06-22,0.019672118983775785
2023-06-23,-0.006177522201369726
2023-06-26,-0.002603694981670741
2023-06-27,0.010961108216809264
2023-06-28,0.004723118868125004
2023-06-29,-0.004391415677946454
2023-06-30,0.007766436063657037
2023-07-03,0.0005990402304688006
2023-07-04,0.004168020368848151
2023-07-05,-0.0017978820633692471
2023-07-06,0.01765795681645318
2023-07-07,0.0011155808734040103
2023-07-10,-0.0036917931485105013
2023-07-11,-0.0018983906498630685
2023-07-12,-0.0004513382536138993
2023-07-13,-0.014235584577675977
2023-07-14,0.008235071657831388
2023-07-17,0.0008667929814775537
2023-07-18,-0.002334782864911052
2023-07-19,0.009227870813454702
2023-07-20,-0.003359361113155441
2023-07-21,-0.011510779838152985
2023-07-24,0.005229266473000198
2023-07-25,-0.020204368616398953
2023-07-26,0.006423258580429544
2023-07-27,0.0033983069521176376
2023-07-28,0.00378620627455364
2023-07-31,-0.008067518331244108
2023-08-01,-0.007149200644916483
2023-08-02,0.010058781410602296
2023-08-03,-0.004437713449366191
2023-08-04,-0.011218038250039758
2023-08-07,-0.0055655576146402186
2023-08-08,-0.016109804919396058
2023-08-09,-0.011980392203848843
2023-08-10,-0.009418058346328658
2023-08-11,0.0010613115569010855
2023-08-14,-0.003201013785991839
2023-08-15,0.010474231776508941
2023-08-16,-0.023021141654921473
2023-08-17,0.003882783528607419
2023-08-18,0.007981317440656466
2023-08-21,0.01942160705128312
2023-08-22,-0.00294210015341292
2023-08-23,0.0006032852138758958
2023-08-24,-0.004399524351072773
2023-08-25,0.0032342452573352874
2023-08-28,-0.016163286911448232
2023-08-29,0.0009281630107373176
2023-08-30,0.0013438958706593809
2023-08-31,0.007161364782255646
2023-09-01,0.004421354364581674
2023-09-04,0.007458340012136387
2023-09-05,0.013439404160101191
2023-09-06,-0.013409569197150369
2023-09-07,-0.009615413182509334
2023-09-08,0.019182142971495487
2023-09-11,-0.005814846592458322
2023-09-12,0.005976773782921582
2023-09-13,-0.013862631106966537
2023-09-14,0.010042954568591021
2023-09-15,0.0018350661843172928
2023-09-18,0.002324253454961481
2023-09-19,-0.009733951959798376
2023-09-20,-0.004012808542263232
2023-09-21,0.008847759367844026
2023-09-22,-0.02231105558419413
2023-09-25,-0.008304321466381985
2023-09-26,0.015088588368738031
2023-09-27,-0.003071809639826043
2023-09-28,-0.02697709676549738
2023-09-29,0.013908294761199015
2023-10-02,-0.010536045446148529
2023-10-03,0.006418919811353351
2023-10-04,0.009793460221371768
2023-10-05,-0.007824803381591245
2023-10-06,0.007366201519648765
2023-10-09,-0.0025624175042011513
2023-10-10,-0.0019521399461391992
2023-10-11,-0.0009663743711938574
2023-10-12,-0.01721550575701318
2023-10-13,-0.0022789190632962713
2023-10-16,-0.022563280659441912
2023-10-17,-0.010654288605387665
2023-10-18,-0.0111989970820041
2023-10-19,0.022712649883775613
2023-10-20,-0.0022730033592493924
2023-10-23,0.01092281482192756
2023-10-24,0.015505460932480243
2023-10-25,0.011399469434026994
2023-10-26,0.007320714600779296
2023-10-27,-0.0034492344450782362
2023-10-30,0.0008875242115861351
2023-10-31,0.0005888202842889712
2023-11-01,-0.0007957122185039416
2023-11-02,-0.00017898121794607843
2023-11-03,-0.004884848171479075
2023-11-06,0.010055095902328608
2023-11-07,0.008651379483901834
2023-11-08,-0.0024563084905356836
2023-11-09,-0.013487641874591321
2023-11-10,0.020395957100308785
2023-11-13,0.0014492131312671618
2023-11-14,0.0063623827059854235
2023-11-15,0.001776054011806854
2023-11-16,0.013900690856430985
2023-11-17,-0.011366373707137162
2023-11-20,-0.01113923286345484
2023-11-21,0.01943361864629784
2023-11-22,-0.0028381882609945066
2023-11-23,-0.012724227886563444
2023-11-24,-0.010770962915090424
2023-11-27,0.005814700302145851
2023-11-28,0.0022752951026223283
2023-11-29,0.0057197934900419375
2023-11-30,0.02176454038617827
2023-12-01,-0.021154664714149975
2023-12-04,-0.009605659987402993
2023-12-05,0.01081610566338102
2023-12-06,0.009103762447519153
2023-12-07,0.006411429922361851
2023-12-08,0.0041769178484501405
2023-12-11,0.03447376522175136
2023-12-12,-0.0006700823698796931
2023-12-13,0.00879386571484637
2023-12-14,0.028837373789458953
2023-12-15,0.01685176519892249
2023-12-18,-0.007626814806757225
2023-12-19,-0.00435598563488013
2023-12-20,0.008349873807646908
2023-12-21,0.01673580167588477
2023-12-22,0.0005655241247238328
2023-12-25,0.0013127969172471862
2023-12-26,0.002638243427467079
2023-12-27,0.024583943942380185
2023-12-28,-0.01269395646655893
2023-12-29,0.025122337323603434
2024-01-01,-0.022794975031695065
2024-01-02,-0.00427708306978172
2024-01-03,0.0030957697095666593
2024-01-04,-0.0007230974982306655
2024-01-05,-0.013263785843861613
2024-01-08,-0.0015475555012186561
2024-01-09,0.014441995644271717
2024-01-10,-0.0015210501339725227
2024-01-11,-0.005925402746251108
2024-01-12,0.005694898364063169
2024-01-15,0.0015582035609578793
2024-01-16,0.0060315292491022205
2024-01-17,5.91388273302549e-05
2024-01-18,-0.017764709366320366
2024-01-19,0.013148993505919849
2024-01-22,-0.0008699447330750873
2024-01-23,-0.013704262603851911
2024-01-24,0.010781802527059956
2024-01-25,-0.010873918563070283
2024-01-26,0.008085655226751505
2024-01-29,-0.004957705894902645
2024-01-30,-0.01591486006833012
2024-01-31,0.010933800260750243
2024-02-01,0.0005270706327577092
2024-02-02,0.0012327812928331443
2024-02-05,-0.007874909544436544
2024-02-06,-0.009417277916492503
2024-02-07,-0.004629034553038126
2024-02-08,-0.0031753589787284105
2024-02-09,0.001823679068105381
2024-02-12,0.012797328074050813
2024-02-13,-0.012960769250436483
2024-02-14,-0.001119332269963697
2024-02-15,0.01029929920950994
2024-02-16,0.0038438714198052223
2024-02-19,0.008462041163363682
2024-02-20,-0.010599988688002332
2024-02-21,0.005873174184568291
2024-02-22,-0.003200818875781927
2024-02-23,0.02209656292860607
2024-02-26,0.002525315414127766
2024-02-27,-0.002029655782450673
2024-02-28,0.0007468310459176101
2024-02-29,0.022188762663868877
2024-03-01,0.0007855765637800269
2024-03-04,0.002444677764359501
2024-03-05,-0.008845706888886674
2024-03-06,0.00824228486837682
2024-03-07,0.012830788196570032
2024-03-08,0.006210958654722233
2024-03-11,-0.004481430558009501
2024-03-12,0.011685276150275271
2024-03-13,-0.024436138770767155
2024-03-14,-0.01802700009006159
2024-03-15,0.026147917857988333
2024-03-18,0.006034835635522341
2024-03-19,-0.026716650546247053
2024-03-20,-0.0014878828032205296
2024-03-21,0.014012996128623707
2024-03-22,-0.01603439112030427
2024-03-25,-0.005487962581896481
2024-03-26,-0.016497567731341155
2024-03-27,0.019436799312245595
2024-03-28,0.0181198232151418
2024-03-29,0.0022534027003013137
2024-04-01,0.006182817390830782
2024-04-02,0.0039378633864393985
2024-04-03,0.013468737482357055
2024-04-04,0.002912856401299431
2024-04-05,0.009762124787434667
2024-04-08,-0.022744706291653344
2024-04-09,0.0028031927163976542
2024-04-10,-0.0016347533650900889
2024-04-11,0.015316246204329387
2024-04-12,0.004346579019300988
2024-04-15,0.010006431499122542
2024-04-16,0.0038323524730895153
2024-04-17,-0.00371684437529956
2024-04-18,0.0044769822453334255
2024-04-19,-0.0016733300787816895
2024-04-22,-0.019632494962828546
2024-04-23,-0.0018055391924008475
2024-04-24,0.010083831966805052
2024-04-25,0.0009247035677303474
2024-04-26,0.004570048868500864
2024-04-29,-8.457016482029322e-05
2024-04-30,0.00526425993166377
2024-05-01,-0.011395641754533803
2024-05-02,-0.01642917116467611
2024-05-03,0.0060916792732158935
2024-05-06,-0.016544766885389084
2024-05-07,0.0085693192566419
2024-05-08,0.006198811089347276
2024-05-09,-0.007642172279473145
2024-05-10,0.013578943673817376
2024-05-13,7.574264167653586e-05
2024-05-14,-0.01072151693809337
2024-05-15,-0.020193489767874013
2024-05-16,-0.012867602897074669
2024-05-17,0.011674676680612603
2024-05-20,0.007848001808596006
2024-05-21,0.0022745641335601583
2024-05-22,0.00821620415809754
2024-05-23,-0.012611656236636893
2024-05-24,0.009098520467885889
2024-05-27,0.003420094457375701
2024-05-28,0.01999643874044564
2024-05-29,0.003356397848740361
2024-05-30,0.005696245757629788
2024-05-31,-0.017240206238703048
2024-06-03,-0.007325527267786878
2024-06-04,-0.008834851079023915
2024-06-05,-0.009055714210613304
2024-06-06,-0.01022653308290196
2024-06-07,0.019587050565972774
2024-06-10,-0.023619791292139907
2024-06-11,-0.004642759239462656
2024-06-12,0.001052152200510014
2024-06-13,-0.013663000738504563
2024-06-14,-0.010126806863009255
2024-06-17,0.005273773678949198
2024-06-18,0.006778783294553897
2024-06-19,0.01933936397443524
2024-06-20,0.017620747416416966
2024-06-21,0.0033809051298869185
2024-06-24,-0.0006277758456246568
2024-06-25,0.004852540345025398
2024-06-26,0.004748275685198004
2024-06-27,0.013488549419151659
2024-06-28,-0.0006928486676626897
2024-07-01,0.014871600999197536
2024-07-02,-0.005308348029655963
2024-07-03,-0.016939821398547827
2024-07-04,-0.0174315270747551
2024-07-05,0.018993643082764817
2024-07-08,-0.012925012364712059
2024-07-09,0.013430295530377691
2024-07-10,0.00937974544982103
2024-07-11,-0.004568631534162636
2024-07-12,-0.0034686006916247137
2024-07-15,0.0043076695417879245
2024-07-16,0.004413164688555287
2024-07-17,0.0033762477824644446
2024-07-18,-0.026696938860952306
2024-07-19,-0.03394365050779479
2024-07-22,-0.005419873302490027
2024-07-23,0.0005024022346893048
2024-07-24,0.008553113919587648
2024-07-25,-0.002172327109431159
2024-07-26,0.00866044293628275
2024-07-29,0.005363483638943084
2024-07-30,0.011766341084334818
2024-07-31,0.0017183366794486991
2024-08-01,0.0015369731862988384
2024-08-02,-0.005861880070030154
2024-08-05,0.0067556012757716225
2024-08-06,0.014424605462226677
2024-08-07,-0.004971154466892164
2024-08-08,0.004846133680175689
2024-08-09,-0.001733635973252724
2024-08-12,0.0033175865920230052
2024-08-13,-0.0004046490590784075
2024-08-14,-0.008701643201353868
2024-08-15,0.00972186757664062
2024-08-16,-0.011193256359423635
2024-08-19,-0.012920812602620357
2024-08-20,-0.0047366903157263825
2024-08-21,-0.005546600244049984
2024-08-22,-0.01241041536386478
2024-08-23,0.019322619827335585
2024-08-26,-0.0051105233478349905
2024-08-27,0.010588080505170495
2024-08-28,-0.015375644674961204
2024-08-29,0.0021610984183050297
2024-08-30,0.013507282499369782
2024-09-02,-0.012119747807017375
2024-09-03,0.01634174864074626
2024-09-04,-0.007602876951998484
2024-09-05,-0.002870359088714297
2024-09-06,0.003017417633380504
2024-09-09,-0.008796451404634576
2024-09-10,0.00030204560689681777
2024-09-11,-0.001778187979627366
2024-09-12,-0.0020756391153150065
2024-09-13,-0.0024819870950459023
2024-09-16,-0.018773744269004525
2024-09-17,0.011441226568591948
2024-09-18,-0.0006318092975223914
2024-09-19,0.012099173655633302
2024-09-20,0.021682276956350527
2024-09-23,0.009001211654265349
2024-09-24,0.02829319646893861
2024-09-25,-0.00413165745823074
2024-09-26,0.009842992069916791
2024-09-27,-0.004705913070603121
2024-09-30,-0.006461879987436983
2024-10-01,0.014065761173328974
2024-10-02,-0.0086764980621647
2024-10-03,-0.012386913992956449
2024-10-04,-0.008602106793588143
2024-10-07,0.004720998662919765
2024-10-08,-0.008296341565675377
2024-10-09,-0.005297517680680825
2024-10-10,-0.024612439499759282
2024-10-11,0.01281089423154422
2024-10-14,-0.003203869059582526
2024-10-15,0.0044261176323429925
2024-10-16,-0.009104239960756067
2024-10-17,0.003793887844615253
2024-10-18,0.013854734569768708
2024-10-21,-0.0005827439759941294
2024-10-22,0.010157434570693805
2024-10-23,-0.007341951137235298
2024-10-24,0.00030423449883493746
2024-10-25,0.008955512674538547
2024-10-28,0.022111304120632478
2024-10-29,-0.006400593401545011
2024-10-30,-0.005155794639502474
2024-10-31,-0.00299624896273091
2024-11-01,0.001249476714249353
2024-11-04,0.011418968381082632
2024-11-05,0.006747099299201995
2024-11-06,0.012995181543798676
2024-11-07,0.018734555631767204
2024-11-08,0.0029464332980658516
2024-11-11,0.002536084828771298
2024-11-12,0.011561589783070363
2024-11-13,-0.01653441156729503
2024-11-14,0.010685451140938357
2024-11-15,0.002861636985525032
2024-11-18,-0.0004315087505810059
2024-11-19,-0.009111052811683463
2024-11-20,-0.018924114941151142
2024-11-21,0.024106389225854577
2024-11-22,-0.002357877206745085
2024-11-25,-0.01754267504243665
2024-11-26,0.0004060527194954043
2024-11-27,-0.002309169750812797
2024-11-28,-0.0021506689904947033
2024-11-29,-0.0039681861095756735
2024-12-02,-0.015489846919394661
2024-12-03,0.005506565225405032
2024-12-04,0.012392238707890501
2024-12-05,-0.006007390641378762
2024-12-06,0.00012572420678570446
2024-12-09,-0.01072372724195394
2024-12-10,0.010383605256532294
2024-12-11,-3.8073355134544615e-06
2024-12-12,0.0032033273478536783
2024-12-13,-0.007838883697634571
2024-12-16,0.005905902182377606
2024-12-17,-0.012665830904260232
2024-12-18,0.01570860121454915
2024-12-19,0.008348277592694704
2024-12-20,-0.01573022350049549
2024-12-23,0.011812490985351875
2024-12-24,0.014744040736083014
2024-12-25,-0.0015639025778096238
2024-12-26,0.008629529371785946
2024-12-27,0.003469388374857414
2024-12-30,0.01439303911333867
2024-12-31,0.01316276159627329
